almuhanf@my.erau.edu, almuhanf, student
antoshb@my.erau.edu, antonshb, student
jafers@erau.edu, jafers, admin
khinep@my.erau.edu, khinep, student
zmakd@my.erau.edu, zmakd, student
deni, deni, student
pia, pia, admin